Job ID,Configuration,Folder,Cold Step (ms),Warm Median (ms),Warm IQR (ms),Warm Mean (ms),Warm StdDev (ms),Regular Step Avg (ms),Total Solve Time (s),Max Rank RSS (MB),Sum Peak RSS (MB)
3504561,SmartSim Parallel (c=0),smartsim_c0,348.566,101.8755,11.515199999999993,108.45823,19.08457083149457,4.137278000000001,96.0,418.723,34927.5
3504563,SmartSim Per-Node DB,smartsim_per_node_db,363.739,108.23750000000001,20.857725000000002,108.06186,15.35067199551139,13.304456181818182,48.0,420.223,35058.8
3504565,SmartSim Per-GPU DB,smartsim_per_gpu_db,437.488,133.7885,11.999000000000024,132.08819999999997,10.398526805915024,4.18352909090909,89.0,421.723,35061.0
3504567,SmartSim Chain 1 (c=1),smartsim_c1,5475.1,572.857,55.9135,598.0013999999999,57.36290634237812,4.951025454545455,113.0,418.719,34919.6
3504573,SmartSim Chain 3 (c=3),smartsim_c3,5316.16,220.177,15.404499999999985,227.0645,25.723638412298268,4.761093636363636,111.0,417.973,34922.0
3504577,AIxelerator Collective,aix_collective,18906.7,30.0001,4.3538250000000005,29.782869999999996,2.570617435580625,3.1263029090909096,102.0,913.199,37209.5
3504580,AIxelerator P2P,aix_pipelined,2264.23,29.68595,2.2935250000000025,30.37389,1.571284047770415,5.904269727272728,78.0,914.832,37183.0
3504584,PhyDLL C++,phydll_cpp,52787.8,607.221,3.726750000000038,621.0782,47.438238858072665,1.7268051818181822,130.0,293.055,24781.5
3504590,PhyDLL Python,phydll_py,5620.45,411.0425,26.92824999999999,408.52049999999997,27.04633302419304,1.3498794545454544,19.0,286.555,24857.4
